{
  "_parent": {
    "type": "lbc"
  },
  "_all": {
    "enabled": false
  },
  "properties": {
    "ct_id": {
      "type": "keyword",
      "store": true
    },
    "lbc_office_id": {
      "type": "keyword",
      "store": true
    },
    "ct_gid": {
      "type": "keyword",
      "store": false
    },
    "ct_unid3": {
      "type": "keyword",
      "store": false
    },
    "ct_category": {
      "type": "keyword",
      "store": false
    },
    "ct_target_type": {
      "type": "keyword",
      "store": false
    },
    "ct_action_id": {
      "type": "keyword",
      "store": false
    },
    "ct_action_type": {
      "type": "keyword",
      "store": false
    },
    "ct_product_ids": {
      "type": "keyword",
      "store": false
    },
    "ct_action_date": {
      "type": "keyword",
      "store": false
    },
    "ct_update_at": {
      "type": "date",
      "format": "yyyy/MM/dd HH:mm:ss",
      "store": true
    },
    "ct_del_flag": {
      "type": "keyword",
      "store": false
    },
    "@version": {
      "type": "keyword"
    },
    "@timestamp": {
      "type": "date"
    }
  }
}