{
  "_parent": {
    "type": "lbc"
  },
  "_all": {
    "enabled": false
  },
  "properties": {
    "deal_status_id": {
      "type": "keyword",
      "store": true
    },
    "lbc_office_id": {
      "type": "keyword",
      "store": true
    },
    "deal_flag": {
      "type": "long",
      "store": false
    },
    "deal_gid": {
      "type": "keyword",
      "store": false
    },
    "deal_update_at": {
      "type": "date",
      "format": "yyyy/MM/dd HH:mm:ss",
      "store": false
    },
    "deal_del_flag": {
      "type": "keyword",
      "store": false
    },
    "@version": {
      "type": "keyword"
    },
    "@timestamp": {
      "type": "date"
    }
  }
}
