{
  "query": {
    "bool": {
      "must": [
        {
          "has_child": {
            "type": "deal",
            "query": {
              "bool": {
                "must": [
                  {
                    "term": {
                      "deal_del_flag": "0"
                    }
                  }
                ]
              }
            }
          }
        },
        {
          "has_child": {
            "type": "act",
            "query": {
              "bool": {
                "must": [
                  {
                    "term": {
                      "act_del_flag": "0"
                    }
                  }
                ]
              }
            }
          }
        },
        {
          "has_child": {
            "type": "bizitem",
            "query": {
              "bool": {
                "must": [
                  {
                    "term": {
                      "bizitem_del_flag": "0"
                    }
                  }
                ]
              }
            }
          }
        },
        {
          "has_child": {
            "type": "liveaccess",
            "query": {
              "bool": {
                "must": [
                  {
                    "term": {
                      "liveaccess_search_word": "052-962-0311"
                    }
                  }
                ]
              }
            }
          }
        },
        {
          "has_child": {
            "type": "person",
            "query": {
              "bool": {
                "must": [
                  {
                    "term": {
                      "person_del_flag": "0"
                    }
                  }
                ]
              }
            }
          }
        },
        {
          "has_child": {
            "type": "sales",
            "query": {
              "bool": {
                "must": [
                  {
                    "term": {
                      "sales_del_flag": "0"
                    }
                  }
                ]
              }
            }
          }
        },
        {
          "has_child": {
            "type": "stats",
            "query": {
              "bool": {
                "must": [
                  {
                    "term": {
                      "stats_del_flag": "0"
                    }
                  }
                ]
              }
            }
          }
        },
        {
          "has_child": {
            "type": "hosting",
            "query": {
              "bool": {
                "must": [
                  {
                    "term": {
                      "hosting_update_at": "2008/06/19 03:39:05"
                    }
                  }
                ]
              }
            }
          }
        },
        {
          "has_child": {
            "type": "ct",
            "query": {
              "bool": {
                "must": [
                  {
                    "term": {
                      "ct_category": "3"
                    }
                  }
                ]
              }
            }
          }
        },
        {
          "has_child": {
            "type": "visit",
            "query": {
              "bool": {
                "must": [
                  {
                    "term": {
                      "visit_del_flag": "0"
                    }
                  }
                ]
              }
            }
          }
        },
        {
          "term": {
            "lbc_gid": "kykik"
          }
        }
      ]
    }
  }
}