{
  "query": {
    "bool": {
      "must": [
        {
          "has_parent": {
            "type": "lbc",
            "query": {
              "bool": {
                "must": [
                  {
                    "term": {
                      "lbc_company_abbreviated_flag": "02"
                    }
                  },
                  {
                    "term": {
                      "lbc_company_name": "COMPANY-540"
                    }
                  },
                  {
                    "term": {
                      "lbc_formal_company_name": "COMPANY-540"
                    }
                  },
                  {
                    "term": {
                      "lbc_c_relation_flag1": "1"
                    }
                  },
                  {
                    "term": {
                      "lbc_c_listed_code": "1"
                    }
                  },
                  {
                    "term": {
                      "lbc_company_before_after": "0"
                    }
                  },
                  {
                    "term": {
                      "lbc_c_capital_range": "3"
                    }
                  },
                  {
                    "term": {
                      "lbc_c_profit_range": "3"
                    }
                  },
                  {
                    "term": {
                      "lbc_c_company_kind": "4"
                    }
                  },
                  {
                    "term": {
                      "lbc_c_has_url": "0"
                    }
                  },
                  {
                    "term": {
                      "lbc_c_has_foreign_flag": "0"
                    }
                  },
                  {
                    "term": {
                      "lbc_c_is_head_office": "0"
                    }
                  },
                  {
                    "term": {
                      "lbc_c_stat_ng": "1"
                    }
                  },
                  {
                    "term": {
                      "lbc_c_is_ccng": "1"
                    }
                  },
                  {
                    "term": {
                      "lbc_c_is_mujin_office": "0"
                    }
                  },
                  {
                    "term": {
                      "lbc_c_office_class": "0"
                    }
                  },
                  {
                    "term": {
                      "lbc_c_grade": "0"
                    }
                  },
                  {
                    "term": {
                      "lbc_del_flag": "0"
                    }
                  },
                  {
                    "term": {
                      "lbc_company_abbreviated_name": "法人格なし"
                    }
                  },
                  {
                    "term": {
                      "lbc_company_before_after_name": "不明"
                    }
                  },
                  {
                    "term": {
                      "lbc_c_emp_count_range": "1"
                    }
                  },
                  {
                    "term": {
                      "lbc_c_sales_range": "4"
                    }
                  },
                  {
                    "has_child": {
                      "type": "deal",
                      "query": {
                        "bool": {
                          "must": [
                            {
                              "term": {
                                "deal_flag": "2"
                              }
                            },
                            {
                              "term": {
                                "deal_del_flag": "0"
                              }
                            }
                          ]
                        }
                      }
                    }
                  },
                  {
                    "has_child": {
                      "type": "act",
                      "query": {
                        "bool": {
                          "must": [
                            {
                              "term": {
                                "act_div": "訪問"
                              }
                            }
                          ]
                        }
                      }
                    }
                  },
                  {
                    "has_child": {
                      "type": "bizitem",
                      "query": {
                        "bool": {
                          "must": [
                            {
                              "term": {
                                "bizitem_status": "02"
                              }
                            }
                          ]
                        }
                      }
                    }
                  },
                  {
                    "has_child": {
                      "type": "liveaccess",
                      "query": {
                        "bool": {
                          "must": [
                            {
                              "term": {
                                "liveaccess_search_word": "052-962-0311"
                              }
                            }
                          ]
                        }
                      }
                    }
                  },
                  {
                    "has_child": {
                      "type": "person",
                      "query": {
                        "bool": {
                          "must": [
                            {
                              "term": {
                                "person_keyman_flag": "80"
                              }
                            }
                          ]
                        }
                      }
                    }
                  },
                  {
                    "has_child": {
                      "type": "sales",
                      "query": {
                        "bool": {
                          "must": [
                            {
                              "term": {
                                "sales_product_id": "COST"
                              }
                            }
                          ]
                        }
                      }
                    }
                  },
                  {
                    "has_child": {
                      "type": "stats",
                      "query": {
                        "bool": {
                          "must": [
                            {
                              "term": {
                                "stats_del_flag": "0"
                              }
                            }
                          ]
                        }
                      }
                    }
                  },
                  {
                    "has_child": {
                      "type": "ct",
                      "query": {
                        "bool": {
                          "must": [
                            {
                              "term": {
                                "ct_category": "2"
                              }
                            }
                          ]
                        }
                      }
                    }
                  },
                  {
                    "has_child": {
                      "type": "visit",
                      "query": {
                        "bool": {
                          "must": [
                            {
                              "term": {
                                "visit_del_flag": "0"
                              }
                            }
                          ]
                        }
                      }
                    }
                  }
                ]
              }
            }
          }
        }
      ]
    }
  }
}