{
  "query": {
    "bool": {
      "must": [
        {
          "has_child": {
            "type": "deal",
            "query": {
              "bool": {
                "must": [
                  {
                    "term": {
                      "deal_del_flag": "0"
                    }
                  }
                ]
              }
            }
          }
        },
        {
          "has_child": {
            "type": "act",
            "query": {
              "bool": {
                "must": [
                  {
                    "term": {
                      "act_del_flag": "0"
                    }
                  }
                ]
              }
            }
          }
        },
        {
          "has_child": {
            "type": "bizitem",
            "query": {
              "bool": {
                "must": [
                  {
                    "term": {
                      "bizitem_del_flag": "0"
                    }
                  }
                ]
              }
            }
          }
        },
        {
          "has_child": {
            "type": "liveaccess",
            "query": {
              "bool": {
                "must": [
                  {
                    "term": {
                      "liveaccess_search_word": "052-962-0311"
                    }
                  },
                  {
                    "term": {
                      "liveaccess_referrer": "android-app://com.Slack"
                    }
                  },
                  {
                    "term": {
                      "liveaccess_live_page_url": "marketing.itmedia.co.jp/mm/articles/0501/11/news094_2.html"
                    }
                  },
                  {
                    "term": {
                      "liveaccess_site_url": "http://marketing.itmedia.co.jp/mm/articles/0501/11/news094.html"
                    }
                  },
                  {
                    "term": {
                      "liveaccess_category_id": "7"
                    }
                  },
                  {
                    "term": {
                      "liveaccess_referrer": "android-app://com.Slack"
                    }
                  },
                  {
                    "term": {
                      "liveaccess_hierarchy_path": "/1/7"
                    }
                  }
                ]
              }
            }
          }
        },
        {
          "has_child": {
            "type": "person",
            "query": {
              "bool": {
                "must": [
                  {
                    "term": {
                      "person_keyman_flag": "80"
                    }
                  }
                ]
              }
            }
          }
        },
        {
          "has_child": {
            "type": "sales",
            "query": {
              "bool": {
                "must": [
                  {
                    "term": {
                      "sales_product_id": "COST"
                    }
                  }
                ]
              }
            }
          }
        },
        {
          "has_child": {
            "type": "stats",
            "query": {
              "bool": {
                "must": [
                  {
                    "term": {
                      "stats_del_flag": "0"
                    }
                  }
                ]
              }
            }
          }
        },
        {
          "has_child": {
            "type": "hosting",
            "query": {
              "bool": {
                "must": [
                  {
                    "term": {
                      "hosting_update_at": "2011/07/14 08:43:15"
                    }
                  }
                ]
              }
            }
          }
        },
        {
          "has_child": {
            "type": "ct",
            "query": {
              "bool": {
                "must": [
                  {
                    "term": {
                      "ct_category": "3"
                    }
                  }
                ]
              }
            }
          }
        },
        {
          "has_child": {
            "type": "visit",
            "query": {
              "bool": {
                "must": [
                  {
                    "term": {
                      "visit_del_flag": "0"
                    }
                  }
                ]
              }
            }
          }
        },
        {
          "term": {
            "lbc_gid": "kykik"
          }
        }
      ]
    }
  }
}