{
  "query": {
    "bool": {
      "must": [
        {
          "has_child": {
            "type": "deal",
            "query": {
              "bool": {
                "must": [
                  {
                    "term": {
                      "deal_del_flag": "0"
                    }
                  }
                ]
              }
            }
          }
        },
        {
          "has_child": {
            "type": "act",
            "query": {
              "bool": {
                "must": [
                  {
                    "term": {
                      "act_del_flag": "0"
                    }
                  }
                ]
              }
            }
          }
        },
        {
          "has_child": {
            "type": "bizitem",
            "query": {
              "bool": {
                "must": [
                  {
                    "term": {
                      "bizitem_del_flag": "0"
                    }
                  }
                ]
              }
            }
          }
        },
        {
          "has_child": {
            "type": "liveaccess",
            "query": {
              "bool": {
                "must": [
                  {
                    "term": {
                      "liveaccess_search_word": "052-962-0311"
                    }
                  }
                ]
              }
            }
          }
        },
        {
          "has_child": {
            "type": "person",
            "query": {
              "bool": {
                "must": [
                  {
                    "term": {
                      "person_keyman_flag": "85"
                    }
                  },
                  {
                    "term": {
                      "person_email": "hanbai@sankyo-sss.co.jp"
                    }
                  },
                  {
                    "term": {
                      "person_del_flag": "0"
                    }
                  },
                  {
                    "term": {
                      "person_busho": "(ＩＭ)事業推進グループ　部門統括部"
                    }
                  },
                  {
                    "term": {
                      "person_eps_flag": "9"
                    }
                  },
                  {
                    "term": {
                      "person_yakushoku": "(物流技術管理士)"
                    }
                  },
                  {
                    "term": {
                      "person_member_name": "SFDC連携"
                    }
                  }
                ]
              }
            }
          }
        },
        {
          "has_child": {
            "type": "sales",
            "query": {
              "bool": {
                "must": [
                  {
                    "term": {
                      "sales_del_flag": "0"
                    }
                  }
                ]
              }
            }
          }
        },
        {
          "has_child": {
            "type": "stats",
            "query": {
              "bool": {
                "must": [
                  {
                    "term": {
                      "stats_del_flag": "0"
                    }
                  }
                ]
              }
            }
          }
        },
        {
          "has_child": {
            "type": "hosting",
            "query": {
              "bool": {
                "must": [
                  {
                    "term": {
                      "hosting_update_at": "2011/12/21 17:32:00"
                    }
                  }
                ]
              }
            }
          }
        },
        {
          "has_child": {
            "type": "ct",
            "query": {
              "bool": {
                "must": [
                  {
                    "term": {
                      "ct_category": "3"
                    }
                  }
                ]
              }
            }
          }
        },
        {
          "has_child": {
            "type": "visit",
            "query": {
              "bool": {
                "must": [
                  {
                    "term": {
                      "visit_del_flag": "0"
                    }
                  }
                ]
              }
            }
          }
        },
        {
          "term": {
            "lbc_gid": "kykik"
          }
        }
      ]
    }
  }
}