{
  "query": {
    "bool": {
      "must": [
        {
          "has_child": {
            "type": "deal",
            "query": {
              "bool": {
                "must": [
                  {
                    "term": {
                      "deal_flag": "3"
                    }
                  },
                  {
                    "term": {
                      "deal_del_flag": "0"
                    }
                  }
                ]
              }
            }
          }
        },
        {
          "has_child": {
            "type": "act",
            "query": {
              "bool": {
                "must": [
                  {
                    "term": {
                      "act_div": "訪問"
                    }
                  },
                  {
                    "term": {
                      "act_member_name": "山本 友和"
                    }
                  },
                  {
                    "term": {
                      "act_must_party": "幸田 智"
                    }
                  },
                  {
                    "term": {
                      "act_title": "     佐藤様     山本様    "
                    }
                  },
                  {
                    "term": {
                      "act_products": "LBC001/US002/DM002"
                    }
                  },
                  {
                    "term": {
                      "act_del_flag": "0"
                    }
                  },
                  {
                    "term": {
                      "act_remarks": "https://www.nttcsol.com/topics/pdf/news_20160901.pdf←名前見つけるhttp://nttcsol-saiyo.com /business/index.html#organization ←採用ページより「経営企画部は経営戦略、事業計画、人事・人材育成、労務構成、財務、会計、総務、法務、社内システムなどを企画立案します。」 "
                    }
                  }
                ]
              }
            }
          }
        },
        {
          "has_child": {
            "type": "bizitem",
            "query": {
              "bool": {
                "must": [
                  {
                    "term": {
                      "bizitem_status": "02"
                    }
                  },
                   {
                    "term": {
                      "bizitem_product": "DISH001"
                    }
                  },
                   {
                    "term": {
                      "bizitem_probability": "100"
                    }
                  },
                   {
                    "term": {
                      "bizitem_del_flag": "0"
                    }
                  },
                   {
                    "term": {
                      "bizitem_status": "01"
                    }
                  }
                ]
              }
            }
          }
        },
        {
          "has_child": {
            "type": "liveaccess",
            "query": {
              "bool": {
                "must": [
                  {
                    "term": {
                      "liveaccess_search_word": "〒103ｰ8419 東京都中央区日本橋本町2-7-1 NOF日本橋本町ビル5F 地図"
                    }
                  },
                  {
                    "term": {
                      "iveaccess_hierarchy_path": "/4/16"
                    }
                  },
                  {
                    "term": {
                      "liveaccess_referrer": "android-app://com.Slack"
                    }
                  },
                  {
                    "term": {
                      "liveaccess_live_page_url": "marketing.itmedia.co.jp/mm/articles/0501/11/news094.html"
                    }
                  },
                  {
                    "term": {
                      "liveaccess_category_id":"15"
                    }
                  },
                  {
                    "term": {
                      "liveaccess_site_url":"1"
                    }
                  }
                ]
              }
            }
          }
        },
        {
          "has_child": {
            "type": "person",
            "query": {
              "bool": {
                "must": [
                  {
                    "term": {
                      "person_keyman_flag": "118"
                    }
                  },
                  {
                    "term": {
                      "person_email": "hano@kcc.catv-kobe.co.jp"
                    }
                  },
                  {
                    "term": {
                      "person_del_flag": "0"
                    }
                  },
                  {
                    "term": {
                      "person_busho": "(ＩＭ)事業推進グループ　部門統括部"
                    }
                  },
                  {
                    "term": {
                      "person_eps_flag": "4"
                    }
                  },
                  {
                    "term": {
                      "person_yakushoku": "(物流技術管理士)"
                    }
                  },
                  {
                    "term": {
                      "person_member_name": "@@@admin"
                    }
                  }
                ]
              }
            }
          }
        },
        {
          "has_child": {
            "type": "sales",
            "query": {
              "bool": {
                "must": [
                  {
                    "term": {
                      "sales_product_id": "DISH002"
                    }
                  },
                  {
                    "term": {
                      "sales_del_flag": "0"
                    }
                  }
                ]
              }
            }
          }
        },
        {
          "has_child": {
            "type": "stats",
            "query": {
              "bool": {
                "must": [
                  {
                    "term": {
                      "stats_del_flag": "0"
                    }
                  }
                ]
              }
            }
          }
        },
        {
          "has_child": {
            "type": "hosting",
            "query": {
              "bool": {
                "must": [
                  {
                    "term": {
                      "hosting_update_at": "2008/08/04 21:18:05"
                    }
                  }
                ]
              }
            }
          }
        },
        {
          "has_child": {
            "type": "ct",
            "query": {
              "bool": {
                "must": [
                  {
                    "term": {
                      "ct_category": "3"
                    }
                  },
                  {
                    "term": {
                      "ct_target_type": "1"
                    }
                  },
                  {
                    "term": {
                      "ct_del_flag": "0"
                    }
                  },
                  {
                    "term": {
                      "ct_action_type": "1"
                    }
                  },
                  {
                    "term": {
                      "ct_product_ids": "DM0021"
                    }
                  }
                ]
              }
            }
          }
        },
        {
          "has_child": {
            "type": "visit",
            "query": {
              "bool": {
                "must": [
                  {
                    "term": {
                      "visit_del_flag": "0"
                    }
                  }
                ]
              }
            }
          }
        },
        {
          "term": {
            "lbc_formal_company_name": "COMPANY-543"
          }
        }
      ]
    }
  }
}