{
  "template": "lbc_rh_*",
  "mappings": {
    "lbc": {
      "properties": {
        "gid": {
          "type": "keyword"
        },
        "lbc_office_id": {
          "type": "keyword"
        },
        "lbc_head_office_id": {
          "type": "keyword"
        },
        "lbc_top_head_office_id": {
          "type": "keyword"
        },
        "lbc_top_affiliated_office_id1": {
          "type": "keyword"
        },
        "lbc_top_affiliated_office_id2": {
          "type": "keyword"
        },
        "lbc_top_affiliated_office_id3": {
          "type": "keyword"
        },
        "lbc_top_affiliated_office_id4": {
          "type": "keyword"
        },
        "lbc_top_affiliated_office_id5": {
          "type": "keyword"
        },
        "lbc_top_affiliated_office_id6": {
          "type": "keyword"
        },
        "lbc_top_affiliated_office_id7": {
          "type": "keyword"
        },
        "lbc_top_affiliated_office_id8": {
          "type": "keyword"
        },
        "lbc_top_affiliated_office_id9": {
          "type": "keyword"
        },
        "lbc_top_affiliated_office_id10": {
          "type": "keyword"
        },
        "lbc_affiliated_office_id1": {
          "type": "keyword"
        },
        "lbc_affiliated_office_id2": {
          "type": "keyword"
        },
        "lbc_affiliated_office_id3": {
          "type": "keyword"
        },
        "lbc_affiliated_office_id4": {
          "type": "keyword"
        },
        "lbc_affiliated_office_id5": {
          "type": "keyword"
        },
        "lbc_affiliated_office_id6": {
          "type": "keyword"
        },
        "lbc_affiliated_office_id7": {
          "type": "keyword"
        },
        "lbc_affiliated_office_id8": {
          "type": "keyword"
        },
        "lbc_affiliated_office_id9": {
          "type": "keyword"
        },
        "lbc_affiliated_office_id10": {
          "type": "keyword"
        },
        "lbc_relation_flag1": {
          "type": "keyword"
        },
        "lbc_relation_flag2": {
          "type": "keyword"
        },
        "lbc_relation_flag3": {
          "type": "keyword"
        },
        "lbc_relation_flag4": {
          "type": "keyword"
        },
        "lbc_relation_flag5": {
          "type": "keyword"
        },
        "lbc_relation_flag6": {
          "type": "keyword"
        },
        "lbc_relation_flag7": {
          "type": "keyword"
        },
        "lbc_relation_flag8": {
          "type": "keyword"
        },
        "lbc_relation_flag9": {
          "type": "keyword"
        },
        "lbc_relation_flag10": {
          "type": "keyword"
        },
        "lbc_relation_name1": {
          "type": "keyword"
        },
        "lbc_relation_name2": {
          "type": "keyword"
        },
        "lbc_relation_name3": {
          "type": "keyword"
        },
        "lbc_relation_name4": {
          "type": "keyword"
        },
        "lbc_relation_name5": {
          "type": "keyword"
        },
        "lbc_relation_name6": {
          "type": "keyword"
        },
        "lbc_relation_name7": {
          "type": "keyword"
        },
        "lbc_relation_name8": {
          "type": "keyword"
        },
        "lbc_relation_name9": {
          "type": "keyword"
        },
        "lbc_relation_name10": {
          "type": "keyword"
        },
        "lbc_listed_flag": {
          "type": "keyword"
        },
        "lbc_listed_name": {
          "type": "keyword"
        },
        "lbc_sec_code": {
          "type": "keyword"
        },
        "lbc_yuho_number": {
          "type": "keyword"
        },
        "lbc_company_stat": {
          "type": "short"
        },
        "lbc_company_stat_name": {
          "type": "keyword"
        },
        "lbc_office_stat": {
          "type": "short"
        },
        "lbc_office_stat_name": {
          "type": "keyword"
        },
        "lbc_move_office_id": {
          "type": "keyword"
        },
        "lbc_tousan_date": {
          "type": "keyword"
        },
        "lbc_hyouten": {
          "type": "keyword"
        },
        "lbc_hyouten_name": {
          "type": "keyword"
        },
        "lbc_company_abbreviated_flag": {
          "type": "keyword"
        },
        "lbc_company_abbreviated_name": {
          "type": "keyword"
        },
        "lbc_company_before_after": {
          "type": "keyword"
        },
        "lbc_company_before_after_name": {
          "type": "keyword"
        },
        "lbc_company_name": {
          "type": "keyword"
        },
        "lbc_formal_company_name": {
          "type": "keyword"
        },
        "lbc_company_name_kana": {
          "type": "keyword"
        },
        "lbc_company_name_eng": {
          "type": "keyword"
        },
        "lbc_office_name": {
          "type": "keyword"
        },
        "lbc_office_name_kana": {
          "type": "keyword"
        },
        "lbc_office_class": {
          "type": "long"
        },
        "lbc_office_class_name": {
          "type": "keyword"
        },
        "lbc_company_zip": {
          "type": "keyword"
        },
        "lbc_company_pref_id": {
          "type": "keyword"
        },
        "lbc_company_city_id": {
          "type": "keyword"
        },
        "lbc_company_addrcode": {
          "type": "keyword"
        },
        "lbc_company_longitude": {
          "type": "keyword"
        },
        "lbc_company_latitude": {
          "type": "keyword"
        },
        "lbc_company_addr1": {
          "type": "keyword"
        },
        "lbc_company_addr2": {
          "type": "keyword"
        },
        "lbc_company_addr3": {
          "type": "keyword"
        },
        "lbc_company_addr4": {
          "type": "keyword"
        },
        "lbc_company_addr5": {
          "type": "keyword"
        },
        "lbc_company_addr6": {
          "type": "keyword"
        },
        "lbc_company_tel": {
          "type": "keyword"
        },
        "lbc_company_fax": {
          "type": "keyword"
        },
        "lbc_office_count": {
          "type": "integer"
        },
        "lbc_setup_date": {
          "type": "keyword"
        },
        "lbc_capital": {
          "type": "long"
        },
        "lbc_employee_count": {
          "type": "integer"
        },
        "lbc_thisterm_settlement_date": {
          "type": "keyword"
        },
        "lbc_thisterm_amount": {
          "type": "long"
        },
        "lbc_thisterm_amount_ratio": {
          "type": "integer"
        },
        "lbc_thisterm_profit": {
          "type": "long"
        },
        "lbc_tel_cc_flag": {
          "type": "short"
        },
        "lbc_tel_cc_name": {
          "type": "keyword"
        },
        "lbc_tel_cc_date": {
          "type": "keyword"
        },
        "lbc_move_tel_no": {
          "type": "keyword"
        },
        "lbc_fax_cc_flag": {
          "type": "short"
        },
        "lbc_fax_cc_name": {
          "type": "keyword"
        },
        "lbc_fax_cc_date": {
          "type": "keyword"
        },
        "lbc_move_fax_no": {
          "type": "keyword"
        },
        "lbc_company_kind": {
          "type": "keyword"
        },
        "lbc_company_kind_name": {
          "type": "keyword"
        },
        "lbc_foreign_flag": {
          "type": "short"
        },
        "lbc_inv_date": {
          "type": "keyword"
        },
        "lbc_emp_range": {
          "type": "keyword"
        },
        "lbc_sales_range": {
          "type": "keyword"
        },
        "lbc_income_range": {
          "type": "keyword"
        },
        "lbc_corporate_number": {
          "type": "keyword"
        },
        "lbc_grade": {
          "type": "long"
        },
        "lbc_undelivered_flag": {
          "type": "keyword"
        },
        "lbc_mps_flag": {
          "type": "keyword"
        },
        "lbc_industry_code1_large": {
          "type": "keyword"
        },
        "lbc_industry_code1_medium": {
          "type": "keyword"
        },
        "lbc_industry_code1_small": {
          "type": "keyword"
        },
        "lbc_industry_code1_tiny": {
          "type": "keyword"
        },
        "lbc_industry_code2_large": {
          "type": "keyword"
        },
        "lbc_industry_code2_medium": {
          "type": "keyword"
        },
        "lbc_industry_code2_small": {
          "type": "keyword"
        },
        "lbc_industry_code2_tiny": {
          "type": "keyword"
        },
        "lbc_industry_code3_large": {
          "type": "keyword"
        },
        "lbc_industry_code3_medium": {
          "type": "keyword"
        },
        "lbc_industry_code3_small": {
          "type": "keyword"
        },
        "lbc_industry_code3_tiny": {
          "type": "keyword"
        },
        "lbc_c_office_id": {
          "type": "keyword"
        },
        "lbc_c_head_office_id": {
          "type": "keyword"
        },
        "lbc_c_top_head_office_id": {
          "type": "keyword"
        },
        "lbc_c_top_af_office_id1": {
          "type": "keyword"
        },
        "lbc_c_affiliated_office_id1": {
          "type": "keyword"
        },
        "lbc_c_relation_flag1": {
          "type": "long"
        },
        "lbc_c_listed_code": {
          "type": "keyword"
        },
        "lbc_c_sec_code": {
          "type": "keyword"
        },
        "lbc_c_yuho_number": {
          "type": "keyword"
        },
        "lbc_c_hyouten": {
          "type": "long"
        },
        "lbc_c_company_name": {
          "type": "keyword"
        },
        "lbc_c_company_name_kana": {
          "type": "keyword"
        },
        "lbc_c_office_name": {
          "type": "keyword"
        },
        "lbc_c_building_name": {
          "type": "keyword"
        },
        "lbc_c_company_pref_id": {
          "type": "keyword"
        },
        "lbc_c_company_city_id": {
          "type": "keyword"
        },
        "lbc_c_company_zip": {
          "type": "keyword"
        },
        "lbc_c_tel": {
          "type": "keyword"
        },
        "lbc_c_fax": {
          "type": "keyword"
        },
        "lbc_c_office_count": {
          "type": "integer"
        },
        "lbc_c_office_count_range": {
          "type": "long"
        },
        "lbc_c_setup_date": {
          "type": "keyword"
        },
        "lbc_c_capital": {
          "type": "long"
        },
        "lbc_c_capital_range": {
          "type": "long"
        },
        "lbc_c_emp_count": {
          "type": "integer"
        },
        "lbc_c_emp_count_range": {
          "type": "long"
        },
        "lbc_c_sales": {
          "type": "long"
        },
        "lbc_c_sales_range": {
          "type": "long"
        },
        "lbc_c_settlement_month": {
          "type": "keyword"
        },
        "lbc_c_profit": {
          "type": "long"
        },
        "lbc_c_profit_range": {
          "type": "long"
        },
        "lbc_c_license": {
          "type": "keyword"
        },
        "lbc_c_organizations": {
          "type": "keyword"
        },
        "lbc_c_inv_date": {
          "type": "keyword"
        },
        "lbc_c_company_kind": {
          "type": "keyword"
        },
        "lbc_c_has_url": {
          "type": "keyword"
        },
        "lbc_c_has_foreign_flag": {
          "type": "keyword"
        },
        "lbc_c_is_head_office": {
          "type": "keyword"
        },
        "lbc_c_stat_ng": {
          "type": "long"
        },
        "lbc_c_is_ccng": {
          "type": "keyword"
        },
        "lbc_c_is_mujin_office": {
          "type": "keyword"
        },
        "lbc_c_office_class": {
          "type": "long"
        },
        "lbc_c_corporate_number": {
          "type": "keyword"
        },
        "lbc_c_grade": {
          "type": "long"
        },
        "lbc_del_flag": {
          "type": "keyword"
        }
      }
    }
  }
}

