{
  "template": "lbc_rh_*",
  "mappings": {
    "lbc_rh_4": {
      "properties": {
        "gid" : {
          "type": "string",
          "index": "not_analyzed"
        },
        "lbc_company_pref_id": {
          "type": "string",
          "index": "not_analyzed"
        },
        "lbc_company_city_id": {
          "type": "string",
          "index": "not_analyzed"
        },
        "lbc_industry_code1_large": {
          "type": "string",
          "index": "not_analyzed"
        },
        "lbc_industry_code1_medium": {
          "type": "string",
          "index": "not_analyzed"
        },
        "lbc_industry_code1_small": {
          "type": "string",
          "index": "not_analyzed"
        },
        "lbc_industry_code1_tiny": {
          "type": "string",
          "index": "not_analyzed"
        },
        "lbc_industry_code2_large": {
          "type": "string",
          "index": "not_analyzed"
        },
        "lbc_industry_code2_medium": {
          "type": "string",
          "index": "not_analyzed"
        },
        "lbc_industry_code2_small": {
          "type": "string",
          "index": "not_analyzed"
        },
        "lbc_industry_code2_tiny": {
          "type": "string",
          "index": "not_analyzed"
        },
        "lbc_industry_code3_large": {
          "type": "string",
          "index": "not_analyzed"
        },
        "lbc_industry_code3_medium": {
          "type": "string",
          "index": "not_analyzed"
        },
        "lbc_industry_code3_small": {
          "type": "string",
          "index": "not_analyzed"
        },
        "lbc_industry_code3_tiny": {
          "type": "string",
          "index": "not_analyzed"
        },
        "lbc_office_id": {
          "type": "string",
          "index": "not_analyzed"
        },
        "lbc_head_office_id": {
          "type": "string",
          "index": "not_analyzed"
        },
        "lbc_top_head_office_id": {
          "type": "string",
          "index": "not_analyzed"
        },
        "lbc_top_affiliated_office_id1": {
          "type": "string",
          "index": "not_analyzed"
        },
        "lbc_company_name": {
          "type": "string",
          "index": "not_analyzed"
        },
        "lbc_office_name": {
          "type": "string",
          "index": "not_analyzed"
        },
        "lbc_building_name": {
          "type": "string",
          "index": "not_analyzed"
        },
        "lbc_tel": {
          "type": "string",
          "index": "not_analyzed"
        },
        "lbc_fax": {
          "type": "string",
          "index": "not_analyzed"
        },
        "lbc_listed_code": {
          "type": "long",
          "index": "not_analyzed"
        },
        "lbc_sales_range": {
          "type": "long",
          "index": "not_analyzed"
        },
        "lbc_sales": {
          "type": "long",
          "index": "not_analyzed"
        },
        "lbc_profit_range": {
          "type": "long",
          "index": "not_analyzed"
        },
        "lbc_profit": {
          "type": "long",
          "index": "not_analyzed"
        },
        "lbc_capital_range": {
          "type": "long",
          "index": "not_analyzed"
        },
        "lbc_capital": {
          "type": "long",
          "index": "not_analyzed"
        },
        "lbc_office_count_range": {
          "type": "string",
          "index": "not_analyzed"
        },
        "lbc_office_count": {
          "type": "long",
          "index": "not_analyzed"
        },
        "lbc_setup_date": {
          "type": "string",
          "index": "not_analyzed"
        },
        "lbc_settlement_month": {
          "type": "string",
          "index": "not_analyzed"
        },
        "lbc_emp_count_range": {
          "type": "long",
          "index": "not_analyzed"
        },
        "lbc_emp_count": {
          "type": "long",
          "index": "not_analyzed"
        },
        "lbc_license": {
          "type": "string",
          "index": "not_analyzed"
        },
        "lbc_organizations": {
          "type": "string",
          "index": "not_analyzed"
        },
        "lbc_url": {
          "type": "string",
          "index": "not_analyzed"
        },
        "lbc_company_kind": {
          "type": "long",
          "index": "not_analyzed"
        },
        "lbc_foreign_flag": {
          "type": "long",
          "index": "not_analyzed"
        },
        "lbc_corporate_long": {
          "type": "string",
          "index": "not_analyzed"
        },
        "lbc_grade": {
          "type": "string",
          "index": "not_analyzed"
        },
        "del_flag": {
          "type": "string",
          "index": "not_analyzed"
        },
        "update_at": {
          "type": "date",
          "format": "yyyy/MM/dd HH:mm:ss"
        },
        "lbc_company_addr1": {
          "type": "string",
          "index": "not_analyzed"
        },
        "lbc_company_addr2": {
          "type": "string",
          "index": "not_analyzed"
        },
        "lbc_company_addr3": {
          "type": "string",
          "index": "not_analyzed"
        },
        "lbc_company_addr4": {
          "type": "string",
          "index": "not_analyzed"
        },
        "lbc_company_addr5": {
          "type": "string",
          "index": "not_analyzed"
        },
        "lbc_company_addr6": {
          "type": "string",
          "index": "not_analyzed"
        },
        "lbc_company_full_addr": {
          "type": "string",
          "index": "not_analyzed"
        },
        "@version" : {
          "type" : "string",
          "index" : "not_analyzed"
        },
        "@timestamp" : {
          "type": "date"
        }
      }
    }
  }
}

