{
  "template": "lbc_rh_11",
  "mappings": {
    "lbc": {
      "_all": {
        "enabled": false
      },
      "properties": {
        "group_id": {
          "type": "keyword",
          "store": false
        },
        "lbc_office_id": {
          "type": "keyword",
          "store": true
        },
        "lbc_company_abbreviated_flag": {
          "type": "keyword",
          "store": false
        },
        "lbc_company_abbreviated_name": {
          "type": "keyword",
          "store": false
        },
        "lbc_company_before_after": {
          "type": "keyword",
          "store": false
        },
        "lbc_company_before_after_name": {
          "type": "keyword",
          "store": false
        },
        "lbc_company_name": {
          "type": "keyword",
          "store": false
        },
        "lbc_formal_company_name": {
          "type": "keyword",
          "store": false
        },
        "lbc_office_name": {
          "type": "keyword",
          "store": false
        },
        "lbc_industry_code1_large": {
          "type": "keyword",
          "store": false
        },
        "lbc_industry_code1_medium": {
          "type": "keyword",
          "store": false
        },
        "lbc_industry_code1_small": {
          "type": "keyword",
          "store": false
        },
        "lbc_industry_code1_tiny": {
          "type": "keyword",
          "store": false
        },
        "lbc_industry_code2_large": {
          "type": "keyword",
          "store": false
        },
        "lbc_industry_code2_medium": {
          "type": "keyword",
          "store": false
        },
        "lbc_industry_code2_small": {
          "type": "keyword",
          "store": false
        },
        "lbc_industry_code2_tiny": {
          "type": "keyword",
          "store": false
        },
        "lbc_industry_code3_large": {
          "type": "keyword",
          "store": false
        },
        "lbc_industry_code3_medium": {
          "type": "keyword",
          "store": false
        },
        "lbc_industry_code3_small": {
          "type": "keyword",
          "store": false
        },
        "lbc_industry_code3_tiny": {
          "type": "keyword",
          "store": false
        },
        "lbc_create_date": {
          "type": "date",
          "format": "yyyy/MM/dd HH:mm:ss",
          "store": false
        },
        "lbc_update_date": {
          "type": "date",
          "format": "yyyy/MM/dd HH:mm:ss",
          "store": false
        },
        "lbc_update_at": {
          "type": "date",
          "format": "yyyy/MM/dd HH:mm:ss",
          "store": true
        },
        "lbc_c_office_id": {
          "type": "keyword",
          "store": false
        },
        "lbc_c_head_office_id": {
          "type": "keyword",
          "store": false
        },
        "lbc_c_top_head_office_id": {
          "type": "keyword",
          "store": false
        },
        "lbc_c_top_af_office_id1": {
          "type": "keyword",
          "store": false
        },
        "lbc_c_affiliated_office_id1": {
          "type": "keyword",
          "store": false
        },
        "lbc_c_relation_flag1": {
          "type": "long",
          "store": false
        },
        "lbc_c_listed_code": {
          "type": "keyword",
          "store": false
        },
        "lbc_c_sec_code": {
          "type": "keyword",
          "store": false
        },
        "lbc_c_yuho_number": {
          "type": "keyword",
          "store": false
        },
        "lbc_c_hyouten": {
          "type": "long",
          "store": false
        },
        "lbc_c_company_name": {
          "type": "keyword",
          "store": false
        },
        "lbc_c_company_name_kana": {
          "type": "keyword",
          "store": false
        },
        "lbc_c_office_name": {
          "type": "keyword",
          "store": false
        },
        "lbc_c_building_name": {
          "type": "keyword",
          "store": false
        },
        "lbc_c_company_pref_id": {
          "type": "keyword",
          "store": false
        },
        "lbc_c_company_city_id": {
          "type": "keyword",
          "store": false
        },
        "lbc_c_company_zip": {
          "type": "keyword",
          "store": false
        },
        "lbc_c_tel": {
          "type": "keyword",
          "store": false
        },
        "lbc_c_fax": {
          "type": "keyword",
          "store": false
        },
        "lbc_c_office_count": {
          "type": "integer",
          "store": false
        },
        "lbc_c_office_count_range": {
          "type": "long",
          "store": false
        },
        "lbc_c_setup_date": {
          "type": "keyword",
          "store": false
        },
        "lbc_c_capital": {
          "type": "long",
          "store": false
        },
        "lbc_c_capital_range": {
          "type": "long",
          "store": false
        },
        "lbc_c_emp_count": {
          "type": "integer",
          "store": false
        },
        "lbc_c_emp_count_range": {
          "type": "long",
          "store": false
        },
        "lbc_c_sales": {
          "type": "long",
          "store": false
        },
        "lbc_c_sales_range": {
          "type": "long",
          "store": false
        },
        "lbc_c_settlement_month": {
          "type": "keyword",
          "store": false
        },
        "lbc_c_profit": {
          "type": "long",
          "store": false
        },
        "lbc_c_profit_range": {
          "type": "long",
          "store": false
        },
        "lbc_c_license": {
          "type": "keyword",
          "store": false
        },
        "lbc_c_organizations": {
          "type": "keyword",
          "store": false
        },
        "lbc_c_inv_date": {
          "type": "keyword",
          "store": false
        },
        "lbc_c_company_kind": {
          "type": "keyword",
          "store": false
        },
        "lbc_c_has_url": {
          "type": "keyword",
          "store": false
        },
        "lbc_c_has_foreign_flag": {
          "type": "keyword",
          "store": false
        },
        "lbc_c_is_head_office": {
          "type": "keyword",
          "store": false
        },
        "lbc_c_stat_ng": {
          "type": "long",
          "store": false
        },
        "lbc_c_is_ccng": {
          "type": "keyword",
          "store": false
        },
        "lbc_c_is_mujin_office": {
          "type": "keyword",
          "store": false
        },
        "lbc_c_office_class": {
          "type": "long",
          "store": false
        },
        "lbc_c_corporate_number": {
          "type": "keyword",
          "store": false
        },
        "lbc_c_grade": {
          "type": "long",
          "store": false
        },
        "lbc_del_flag": {
          "type": "keyword",
          "store": false
        },
        "lbc_c_is_faxdm": {
          "type": "long",
          "store": false
        }
      }
    }
  }
}

