{
  "template": "parent_child_rh_*",
  "mappings": {
    "parent_lbc": {
      "properties": {
        "office_id": {
          "type": "keyword"
        },
        "company_name": {
          "type": "keyword"
        },
        "@version": {
          "type": "keyword"
        },
        "@timestamp": {
          "type": "date"
        }
      }
    },
    "child_liveaccess": {
      "_parent": {
        "type": "parent_lbc"
      },
      "properties": {
        "office_id": {
          "type": "keyword"
        },
        "page_name": {
          "type": "keyword"
        },
        "@version": {
          "type": "keyword"
        },
        "@timestamp": {
          "type": "date"
        }
      }
    }
  }
}
