{
  "template": "parent_lbc_rh*",
  "mappings": {
    "parent_lbc": {
      "properties": {
        "group_id": {
          "type": "keyword"
        },
        "office_id": {
          "type": "keyword"
        },
        "head_office_id": {
          "type": "keyword"
        },
        "top_head_office_id": {
          "type": "keyword"
        },
        "top_affiliated_office_id1": {
          "type": "keyword"
        },
        "top_affiliated_office_id2": {
          "type": "keyword"
        },
        "top_affiliated_office_id3": {
          "type": "keyword"
        },
        "top_affiliated_office_id4": {
          "type": "keyword"
        },
        "top_affiliated_office_id5": {
          "type": "keyword"
        },
        "top_affiliated_office_id6": {
          "type": "keyword"
        },
        "top_affiliated_office_id7": {
          "type": "keyword"
        },
        "top_affiliated_office_id8": {
          "type": "keyword"
        },
        "top_affiliated_office_id9": {
          "type": "keyword"
        },
        "top_affiliated_office_id10": {
          "type": "keyword"
        },
        "affiliated_office_id1": {
          "type": "keyword"
        },
        "affiliated_office_id2": {
          "type": "keyword"
        },
        "affiliated_office_id3": {
          "type": "keyword"
        },
        "affiliated_office_id4": {
          "type": "keyword"
        },
        "affiliated_office_id5": {
          "type": "keyword"
        },
        "affiliated_office_id6": {
          "type": "keyword"
        },
        "affiliated_office_id7": {
          "type": "keyword"
        },
        "affiliated_office_id8": {
          "type": "keyword"
        },
        "affiliated_office_id9": {
          "type": "keyword"
        },
        "affiliated_office_id10": {
          "type": "keyword"
        },
        "relation_flag1": {
          "type": "keyword"
        },
        "relation_flag2": {
          "type": "keyword"
        },
        "relation_flag3": {
          "type": "keyword"
        },
        "relation_flag4": {
          "type": "keyword"
        },
        "relation_flag5": {
          "type": "keyword"
        },
        "relation_flag6": {
          "type": "keyword"
        },
        "relation_flag7": {
          "type": "keyword"
        },
        "relation_flag8": {
          "type": "keyword"
        },
        "relation_flag9": {
          "type": "keyword"
        },
        "relation_flag10": {
          "type": "keyword"
        },
        "relation_name1": {
          "type": "keyword"
        },
        "relation_name2": {
          "type": "keyword"
        },
        "relation_name3": {
          "type": "keyword"
        },
        "relation_name4": {
          "type": "keyword"
        },
        "relation_name5": {
          "type": "keyword"
        },
        "relation_name6": {
          "type": "keyword"
        },
        "relation_name7": {
          "type": "keyword"
        },
        "relation_name8": {
          "type": "keyword"
        },
        "relation_name9": {
          "type": "keyword"
        },
        "relation_name10": {
          "type": "keyword"
        },
        "relation_consoli1": {
          "type": "keyword"
        },
        "relation_consoli2": {
          "type": "keyword"
        },
        "relation_consoli3": {
          "type": "keyword"
        },
        "relation_consoli4": {
          "type": "keyword"
        },
        "relation_consoli5": {
          "type": "keyword"
        },
        "relation_consoli6": {
          "type": "keyword"
        },
        "relation_consoli7": {
          "type": "keyword"
        },
        "relation_consoli8": {
          "type": "keyword"
        },
        "relation_consoli9": {
          "type": "keyword"
        },
        "relation_consoli10": {
          "type": "keyword"
        },
        "relation_consoli1_name": {
          "type": "keyword"
        },
        "relation_consoli2_name": {
          "type": "keyword"
        },
        "relation_consoli3_name": {
          "type": "keyword"
        },
        "relation_consoli4_name": {
          "type": "keyword"
        },
        "relation_consoli5_name": {
          "type": "keyword"
        },
        "relation_consoli6_name": {
          "type": "keyword"
        },
        "relation_consoli7_name": {
          "type": "keyword"
        },
        "relation_consoli8_name": {
          "type": "keyword"
        },
        "relation_consoli9_name": {
          "type": "keyword"
        },
        "relation_consoli10_name": {
          "type": "keyword"
        },
        "listed_flag": {
          "type": "keyword"
        },
        "listed_name": {
          "type": "keyword"
        },
        "listed_date": {
          "type": "keyword"
        },
        "sec_code": {
          "type": "keyword"
        },
        "yuho_number": {
          "type": "keyword"
        },
        "company_stat": {
          "type": "short"
        },
        "company_stat_name": {
          "type": "keyword"
        },
        "office_stat": {
          "type": "short"
        },
        "office_stat_name": {
          "type": "keyword"
        },
        "move_office_id": {
          "type": "keyword"
        },
        "tousan_date": {
          "type": "keyword"
        },
        "hyouten": {
          "type": "keyword"
        },
        "company_vitality": {
          "type": "keyword"
        },
        "company_abbreviated_flag": {
          "type": "keyword"
        },
        "company_before_after": {
          "type": "keyword"
        },
        "company_name": {
          "type": "keyword"
        },
        "company_name_kana": {
          "type": "keyword"
        },
        "company_name_eng": {
          "type": "keyword"
        },
        "office_name": {
          "type": "keyword"
        },
        "office_name_kana": {
          "type": "keyword"
        },
        "office_class": {
          "type": "long"
        },
        "company_zip": {
          "type": "keyword"
        },
        "company_pref_id": {
          "type": "keyword"
        },
        "company_city_id": {
          "type": "keyword"
        },
        "company_addrcode": {
          "type": "keyword"
        },
        "company_longitude": {
          "type": "keyword"
        },
        "company_latitude": {
          "type": "keyword"
        },
        "company_addr1": {
          "type": "keyword"
        },
        "company_addr2": {
          "type": "keyword"
        },
        "company_addr3": {
          "type": "keyword"
        },
        "company_addr4": {
          "type": "keyword"
        },
        "company_addr5": {
          "type": "keyword"
        },
        "company_addr6": {
          "type": "keyword"
        },
        "lbc_company_full_addr": {
          "type": "keyword"
        },
        "company_tel": {
          "type": "keyword"
        },
        "company_fax": {
          "type": "keyword"
        },
        "office_count": {
          "type": "integer"
        },
        "start_date": {
          "type": "keyword"
        },
        "setup_date": {
          "type": "keyword"
        },
        "setup_date_full": {
          "type": "keyword"
        },
        "capital": {
          "type": "long"
        },
        "employee_count": {
          "type": "integer"
        },
        "thisterm_settlement_date": {
          "type": "keyword"
        },
        "thisterm_amount": {
          "type": "long"
        },
        "thisterm_amount_ratio": {
          "type": "integer"
        },
        "thisterm_profit": {
          "type": "long"
        },
        "thisterm_profit_ratio": {
          "type": "integer"
        },
        "thisterm_dividend": {
          "type": "keyword"
        },
        "employee_count_org": {
          "type": "integer"
        },
        "thisterm_settlement_date_org": {
          "type": "keyword"
        },
        "thisterm_amount_org": {
          "type": "long"
        },
        "thisterm_amount_ratio_org": {
          "type": "integer"
        },
        "thisterm_profit_org": {
          "type": "long"
        },
        "thisterm_profit_ratio_org": {
          "type": "integer"
        },
        "thisterm_income_org": {
          "type": "long"
        },
        "thisterm_income_ratio_org": {
          "type": "integer"
        },
        "thisterm_dividend_org": {
          "type": "keyword"
        },
        "thisterm_current_assets_one": {
          "type": "long"
        },
        "thisterm_fixed_assets_one": {
          "type": "long"
        },
        "thisterm_other_assets_one": {
          "type": "long"
        },
        "thisterm_current_debt_one": {
          "type": "long"
        },
        "thisterm_fixed_debt_one": {
          "type": "long"
        },
        "thisterm_other_debt_one": {
          "type": "long"
        },
        "thisterm_equity_capital_one": {
          "type": "long"
        },
        "thisterm_total_capital_one": {
          "type": "long"
        },
        "thisterm_current_assets_join": {
          "type": "long"
        },
        "thisterm_fixed_assets_join": {
          "type": "long"
        },
        "thisterm_other_assets_join": {
          "type": "long"
        },
        "thisterm_current_debt_join": {
          "type": "long"
        },
        "thisterm_fixed_debt_join": {
          "type": "long"
        },
        "thisterm_other_debt_join": {
          "type": "long"
        },
        "thisterm_equity_capital_join": {
          "type": "long"
        },
        "thisterm_total_capital_join": {
          "type": "long"
        },
        "thisterm_amount_join": {
          "type": "long"
        },
        "thisterm_profit_join": {
          "type": "long"
        },
        "firstterm_settlement_date": {
          "type": "keyword"
        },
        "firstterm_amount": {
          "type": "long"
        },
        "firstterm_amount_ratio": {
          "type": "integer"
        },
        "firstterm_profit": {
          "type": "long"
        },
        "firstterm_profit_ratio": {
          "type": "integer"
        },
        "firstterm_dividend": {
          "type": "keyword"
        },
        "firstterm_settlement_date_org": {
          "type": "keyword"
        },
        "firstterm_amount_org": {
          "type": "long"
        },
        "firstterm_amount_ratio_org": {
          "type": "integer"
        },
        "firstterm_profit_org": {
          "type": "long"
        },
        "firstterm_profit_ratio_org": {
          "type": "integer"
        },
        "firstterm_income_org": {
          "type": "long"
        },
        "firstterm_income_ratio_org": {
          "type": "integer"
        },
        "firstterm_dividend_org": {
          "type": "keyword"
        },
        "firstterm_current_assets_one": {
          "type": "long"
        },
        "firstterm_fixed_assets_one": {
          "type": "long"
        },
        "firstterm_other_assets_one": {
          "type": "long"
        },
        "firstterm_current_debt_one": {
          "type": "long"
        },
        "firstterm_fixed_debt_one": {
          "type": "long"
        },
        "firstterm_other_debt_one": {
          "type": "long"
        },
        "firstterm_equity_capital_one": {
          "type": "long"
        },
        "firstterm_total_capital_one": {
          "type": "long"
        },
        "firstterm_current_assets_join": {
          "type": "long"
        },
        "firstterm_fixed_assets_join": {
          "type": "long"
        },
        "firstterm_other_assets_join": {
          "type": "long"
        },
        "firstterm_current_debt_join": {
          "type": "long"
        },
        "firstterm_fixed_debt_join": {
          "type": "long"
        },
        "firstterm_other_debt_join": {
          "type": "long"
        },
        "firstterm_equity_capital_join": {
          "type": "long"
        },
        "firstterm_total_capital_join": {
          "type": "long"
        },
        "firstterm_amount_join": {
          "type": "long"
        },
        "firstterm_profit_join": {
          "type": "long"
        },
        "secondterm_settlement_date": {
          "type": "keyword"
        },
        "secondterm_amount": {
          "type": "long"
        },
        "secondterm_amount_ratio": {
          "type": "integer"
        },
        "secondterm_profit": {
          "type": "long"
        },
        "secondterm_profit_ratio": {
          "type": "integer"
        },
        "secondterm_dividend": {
          "type": "keyword"
        },
        "secondterm_settlement_date_org": {
          "type": "keyword"
        },
        "secondterm_amount_org": {
          "type": "long"
        },
        "secondterm_amount_ratio_org": {
          "type": "integer"
        },
        "secondterm_profit_org": {
          "type": "long"
        },
        "secondterm_profit_ratio_org": {
          "type": "integer"
        },
        "secondterm_income_org": {
          "type": "long"
        },
        "secondterm_income_ratio_org": {
          "type": "integer"
        },
        "secondterm_dividend_org": {
          "type": "keyword"
        },
        "secondterm_current_assets_one": {
          "type": "long"
        },
        "secondterm_fixed_assets_one": {
          "type": "long"
        },
        "secondterm_other_assets_one": {
          "type": "long"
        },
        "secondterm_current_debt_one": {
          "type": "long"
        },
        "secondterm_fixed_debt_one": {
          "type": "long"
        },
        "secondterm_other_debt_one": {
          "type": "long"
        },
        "secondterm_equity_capital_one": {
          "type": "long"
        },
        "secondterm_total_capital_one": {
          "type": "long"
        },
        "secondterm_current_assets_join": {
          "type": "long"
        },
        "secondterm_fixed_assets_join": {
          "type": "long"
        },
        "secondterm_other_assets_join": {
          "type": "long"
        },
        "secondterm_current_debt_join": {
          "type": "long"
        },
        "secondterm_fixed_debt_join": {
          "type": "long"
        },
        "secondterm_other_debt_join": {
          "type": "long"
        },
        "secondterm_equity_capital_join": {
          "type": "long"
        },
        "secondterm_total_capital_join": {
          "type": "long"
        },
        "secondterm_amount_join": {
          "type": "long"
        },
        "secondterm_profit_join": {
          "type": "long"
        },
        "representative_title": {
          "type": "keyword"
        },
        "representative": {
          "type": "keyword"
        },
        "representative_kana": {
          "type": "keyword"
        },
        "representative_sdate": {
          "type": "keyword"
        },
        "representative_sex": {
          "type": "keyword"
        },
        "representative_zip": {
          "type": "keyword"
        },
        "representative_pref_id": {
          "type": "keyword"
        },
        "representative_city_id": {
          "type": "keyword"
        },
        "representative_addrcode": {
          "type": "keyword"
        },
        "representative_longitude": {
          "type": "keyword"
        },
        "representative_latitude": {
          "type": "keyword"
        },
        "representative_addr1": {
          "type": "keyword"
        },
        "representative_addr2": {
          "type": "keyword"
        },
        "representative_addr3": {
          "type": "keyword"
        },
        "representative_addr4": {
          "type": "keyword"
        },
        "representative_addr5": {
          "type": "keyword"
        },
        "representative_addr6": {
          "type": "keyword"
        },
        "director": {
          "type": "keyword"
        },
        "stockholder": {
          "type": "keyword"
        },
        "director_org": {
          "type": "keyword"
        },
        "stockholder_org": {
          "type": "keyword"
        },
        "bank": {
          "type": "keyword"
        },
        "industry_code1": {
          "type": "keyword"
        },
        "industry_name1": {
          "type": "keyword"
        },
        "industry_code2": {
          "type": "keyword"
        },
        "industry_name2": {
          "type": "keyword"
        },
        "industry_code3": {
          "type": "keyword"
        },
        "industry_name3": {
          "type": "keyword"
        },
        "handling": {
          "type": "keyword"
        },
        "business_item": {
          "type": "keyword"
        },
        "stocking": {
          "type": "keyword"
        },
        "sale": {
          "type": "keyword"
        },
        "license": {
          "type": "keyword"
        },
        "party": {
          "type": "keyword"
        },
        "url": {
          "type": "keyword"
        },
        "tel_cc_flag": {
          "type": "short"
        },
        "tel_cc_date": {
          "type": "keyword"
        },
        "move_tel_no": {
          "type": "keyword"
        },
        "fax_cc_flag": {
          "type": "short"
        },
        "fax_cc_date": {
          "type": "keyword"
        },
        "move_fax_no": {
          "type": "keyword"
        },
        "company_kind": {
          "type": "keyword"
        },
        "company_kind_name": {
          "type": "keyword"
        },
        "foreign_flag": {
          "type": "short"
        },
        "inv_date": {
          "type": "keyword"
        },
        "emp_range": {
          "type": "keyword"
        },
        "sales_range": {
          "type": "keyword"
        },
        "income_range": {
          "type": "keyword"
        },
        "corporate_number": {
          "type": "keyword"
        },
        "grade": {
          "type": "long"
        },
        "company_condition": {
          "type": "keyword"
        },
        "source_flag_company": {
          "type": "keyword"
        },
        "source_flag_name": {
          "type": "keyword"
        },
        "source_flag_addr": {
          "type": "keyword"
        },
        "source_flag_tel": {
          "type": "keyword"
        },
        "source_flag_fax": {
          "type": "keyword"
        },
        "n_industry_code1": {
          "type": "keyword"
        },
        "n_industry_name1": {
          "type": "keyword"
        },
        "n_industry_code2": {
          "type": "keyword"
        },
        "n_industry_name2": {
          "type": "keyword"
        },
        "n_industry_code3": {
          "type": "keyword"
        },
        "n_industry_name3": {
          "type": "keyword"
        },
        "n_industry_code4": {
          "type": "keyword"
        },
        "n_industry_name4": {
          "type": "keyword"
        },
        "n_industry_code5": {
          "type": "keyword"
        },
        "n_industry_name5": {
          "type": "keyword"
        },
        "undelivered_flag": {
          "type": "keyword"
        },
        "mps_flag": {
          "type": "keyword"
        },
        "search_company_name": {
          "type": "keyword"
        },
        "search_company_addr": {
          "type": "keyword"
        },
        "search_company_tel": {
          "type": "keyword"
        },
        "search_company_fax": {
          "type": "keyword"
        },
        "relation_invest_ratio1": {
          "type": "long"
        },
        "relation_invest_ratio2": {
          "type": "long"
        },
        "relation_invest_ratio3": {
          "type": "long"
        },
        "relation_invest_ratio4": {
          "type": "long"
        },
        "relation_invest_ratio5": {
          "type": "long"
        },
        "relation_invest_ratio6": {
          "type": "long"
        },
        "relation_invest_ratio7": {
          "type": "long"
        },
        "relation_invest_ratio8": {
          "type": "long"
        },
        "relation_invest_ratio9": {
          "type": "long"
        },
        "relation_invest_ratio10": {
          "type": "long"
        },
        "industry12_code1": {
          "type": "keyword"
        },
        "industry12_name1": {
          "type": "keyword"
        },
        "industry12_code2": {
          "type": "keyword"
        },
        "industry12_name2": {
          "type": "keyword"
        },
        "industry12_code3": {
          "type": "keyword"
        },
        "industry12_name3": {
          "type": "keyword"
        },
        "lbc_industry_code1_large": {
          "type": "keyword"
        },
        "lbc_industry_code1_medium": {
          "type": "keyword"
        },
        "lbc_industry_code1_small": {
          "type": "keyword"
        },
        "lbc_industry_code1_tiny": {
          "type": "keyword"
        },
        "lbc_industry_code2_large": {
          "type": "keyword"
        },
        "lbc_industry_code2_medium": {
          "type": "keyword"
        },
        "lbc_industry_code2_small": {
          "type": "keyword"
        },
        "lbc_industry_code2_tiny": {
          "type": "keyword"
        },
        "lbc_industry_code3_large": {
          "type": "keyword"
        },
        "lbc_industry_code3_medium": {
          "type": "keyword"
        },
        "lbc_industry_code3_small": {
          "type": "keyword"
        },
        "lbc_industry_code3_tiny": {
          "type": "keyword"
        },
        "c_relation_flag1": {
          "type": "long"
        },
        "c_yuho_number": {
          "type": "keyword"
        },
        "c_hyouten": {
          "type": "long"
        },
        "c_company_name": {
          "type": "keyword"
        },
        "c_office_name": {
          "type": "keyword"
        },
        "c_company_addr6": {
          "type": "keyword"
        },
        "c_company_tel": {
          "type": "keyword"
        },
        "c_company_fax": {
          "type": "keyword"
        },
        "c_office_count_range": {
          "type": "long"
        },
        "c_setup_date": {
          "type": "keyword"
        },
        "c_capital_range": {
          "type": "long"
        },
        "c_employee_count_range": {
          "type": "long"
        },
        "c_thisterm_amount_range": {
          "type": "long"
        },
        "c_thisterm_settlement_date": {
          "type": "keyword"
        },
        "c_thisterm_profit_range": {
          "type": "long"
        },
        "c_industry_codes": {
          "type": "keyword"
        },
        "c_industry_code1": {
          "type": "keyword"
        },
        "c_industry_code2": {
          "type": "keyword"
        },
        "c_industry_code3": {
          "type": "keyword"
        },
        "c_has_url": {
          "type": "keyword"
        },
        "c_has_foreign_flag": {
          "type": "keyword"
        },
        "c_is_head_office": {
          "type": "keyword"
        },
        "c_stat_ng": {
          "type": "long"
        },
        "c_is_ccng": {
          "type": "keyword"
        },
        "c_is_mujin_office": {
          "type": "keyword"
        },
        "c_office_class": {
          "type": "long"
        },
        "ck_company_name": {
          "type": "keyword"
        },
        "ck_office_name": {
          "type": "keyword"
        },
        "ck_company_stat": {
          "type": "keyword"
        },
        "ck_tel_cc_flag": {
          "type": "keyword"
        },
        "ck_office_class": {
          "type": "keyword"
        },
        "ck_yuho_number_company": {
          "type": "keyword"
        },
        "ck_mujin_office": {
          "type": "keyword"
        },
        "ck_head_office": {
          "type": "keyword"
        },
        "ck_sec_code": {
          "type": "keyword"
        },
        "ck_yuho_number": {
          "type": "keyword"
        },
        "ck_company_zip": {
          "type": "keyword"
        },
        "ck_company_tel": {
          "type": "keyword"
        },
        "ck_company_fax": {
          "type": "keyword"
        },
        "ck_company_number": {
          "type": "keyword"
        },
        "ck_company_pref_id": {
          "type": "keyword"
        },
        "ck_company_name_kana": {
          "type": "keyword"
        },
        "ck_kyoten_name": {
          "type": "keyword"
        },
        "ck_url": {
          "type": "keyword"
        },
        "ck_representative": {
          "type": "keyword"
        },
        "ck_ext_url": {
          "type": "keyword"
        },
        "ck_knowledge": {
          "type": "keyword"
        },
        "del_flag": {
          "type": "keyword"
        },
        "@version": {
          "type": "string",
          "index": "not_analyzed"
        },
        "@timestamp": {
          "type": "date"
        }
      }
    },
    "child_person": {
      "_parent": {
        "type": "parent_lbc"
      },
      "properties": {
        "office_id": {
          "type": "keyword"
        },
        "unid3": {
          "type": "keyword"
        },
        "tanto_name": {
          "type": "keyword"
        },
        "email": {
          "type": "keyword"
        },
        "del_flag": {
          "type": "keyword"
        },
        "upd_date": {
          "type": "keyword"
        },
        "@version": {
          "type": "string",
          "index": "not_analyzed"
        },
        "@timestamp": {
          "type": "date"
        }
      }
    },
    "child_live_access": {
      "_parent": {
        "type": "parent_lbc"
      },
      "properties": {
        "rowbuf": {
          "type": "keyword"
        },
        "office_id": {
          "type": "keyword"
        },
        "access_date": {
          "type": "keyword"
        },
        "page_name": {
          "type": "keyword"
        },
        "ip_address": {
          "type": "keyword"
        },
        "reg_date": {
          "type": "keyword"
        },
        "@version": {
          "type": "string",
          "index": "not_analyzed"
        },
        "@timestamp": {
          "type": "date"
        }
      }
    }
  }
}
