{
  "template": "parent_lbc_rh*",
  "mappings": {
    "parent_lbc": {
      "properties": {
        "gid": {
          "type": "keyword"
        },
        "lbc_company_pref_id": {
          "type": "keyword"
        },
        "lbc_company_city_id": {
          "type": "keyword"
        },
        "lbc_industry_code1_large": {
          "type": "keyword"
        },
        "lbc_industry_code1_medium": {
          "type": "keyword"
        },
        "lbc_industry_code1_small": {
          "type": "keyword"
        },
        "lbc_industry_code1_tiny": {
          "type": "keyword"
        },
        "lbc_industry_code2_large": {
          "type": "keyword"
        },
        "lbc_industry_code2_medium": {
          "type": "keyword"
        },
        "lbc_industry_code2_small": {
          "type": "keyword"
        },
        "lbc_industry_code2_tiny": {
          "type": "keyword"
        },
        "lbc_industry_code3_large": {
          "type": "keyword"
        },
        "lbc_industry_code3_medium": {
          "type": "keyword"
        },
        "lbc_industry_code3_small": {
          "type": "keyword"
        },
        "lbc_industry_code3_tiny": {
          "type": "keyword"
        },
        "office_id": {
          "type": "keyword"
        },
        "lbc_head_office_id": {
          "type": "keyword"
        },
        "lbc_top_head_office_id": {
          "type": "keyword"
        },
        "lbc_top_affiliated_office_id1": {
          "type": "keyword"
        },
        "lbc_company_name": {
          "type": "keyword"
        },
        "lbc_office_name": {
          "type": "keyword"
        },
        "lbc_building_name": {
          "type": "keyword"
        },
        "lbc_tel": {
          "type": "keyword"
        },
        "lbc_fax": {
          "type": "keyword"
        },
        "lbc_listed_code": {
          "type": "short"
        },
        "lbc_sales_range": {
          "type": "short"
        },
        "lbc_sales": {
          "type": "long"
        },
        "lbc_profit_range": {
          "type": "short"
        },
        "lbc_profit": {
          "type": "long"
        },
        "lbc_capital_range": {
          "type": "short"
        },
        "lbc_capital": {
          "type": "long"
        },
        "lbc_office_count_range": {
          "type": "short"
        },
        "lbc_office_count": {
          "type": "integer"
        },
        "lbc_setup_date": {
          "type": "keyword"
        },
        "lbc_settlement_month": {
          "type": "keyword"
        },
        "lbc_emp_count_range": {
          "type": "short"
        },
        "lbc_emp_count": {
          "type": "integer"
        },
        "lbc_license": {
          "type": "keyword"
        },
        "lbc_organizations": {
          "type": "keyword"
        },
        "lbc_url": {
          "type": "keyword"
        },
        "lbc_company_kind": {
          "type": "short"
        },
        "lbc_foreign_flag": {
          "type": "short"
        },
        "lbc_corporate_number": {
          "type": "keyword"
        },
        "lbc_grade": {
          "type": "keyword"
        },
        "del_flag": {
          "type": "keyword"
        },
        "update_at": {
          "type": "keyword"
        },
        "lbc_company_addr1": {
          "type": "keyword"
        },
        "lbc_company_addr2": {
          "type": "keyword"
        },
        "lbc_company_addr3": {
          "type": "keyword"
        },
        "lbc_company_addr4": {
          "type": "keyword"
        },
        "lbc_company_addr5": {
          "type": "keyword"
        },
        "lbc_company_addr6": {
          "type": "keyword"
        },
        "lbc_company_full_addr": {
          "type": "keyword"
        }
      }
    },
    "child_person": {
      "_parent": {
        "type": "parent_lbc"
      },
      "properties": {
        "office_id": {
          "type": "keyword"
        },
        "unid3": {
          "type": "keyword"
        },
        "tanto_name": {
          "type": "keyword"
        },
        "email": {
          "type": "keyword"
        },
        "del_flag": {
          "type": "keyword"
        },
        "upd_date": {
          "type": "keyword"
        },
        "@version": {
          "type": "string",
          "index": "not_analyzed"
        },
        "@timestamp": {
          "type": "date"
        }
      }
    },
    "child_live_access": {
      "_parent": {
        "type": "parent_lbc"
      },
      "properties": {
        "rowbuf": {
          "type": "keyword"
        },
        "office_id": {
          "type": "keyword"
        },
        "access_date": {
          "type": "keyword"
        },
        "page_name": {
          "type": "keyword"
        },
        "ip_address": {
          "type": "keyword"
        },
        "reg_date": {
          "type": "keyword"
        },
        "@version": {
          "type": "string",
          "index": "not_analyzed"
        },
        "@timestamp": {
          "type": "date"
        }
      }
    }
  }
}
