{
  "template": "quick_search_rh_**",
  "mappings": {
    "lbc": {
      "_all": {
        "enabled": false
      },
      "properties": {
        "group_id": {
          "type": "keyword"
        },
        "lbc_office_id": {
          "type": "keyword"
        },
        "ck_office_id": {
          "type": "keyword"
        },
        "ck_head_office_id": {
          "type": "keyword"
        },
        "ck_company_name": {
          "type": "keyword"
        },
        "ck_office_name": {
          "type": "keyword"
        },
        "ck_company_stat": {
          "type": "keyword"
        },
        "ck_tel_cc_flag": {
          "type": "keyword"
        },
        "ck_office_class": {
          "type": "keyword"
        },
        "ck_yuho_number_company": {
          "type": "keyword"
        },
        "ck_mujin_office": {
          "type": "keyword"
        },
        "ck_head_office": {
          "type": "keyword"
        },
        "ck_sec_code": {
          "type": "keyword"
        },
        "ck_yuho_number": {
          "type": "keyword"
        },
        "ck_company_zip": {
          "type": "keyword"
        },
        "ck_company_tel": {
          "type": "keyword"
        },
        "ck_company_fax": {
          "type": "keyword"
        },
        "ck_company_number": {
          "type": "keyword"
        },
        "ck_company_pref_id": {
          "type": "keyword"
        },
        "ck_company_name_kana": {
          "type": "keyword"
        },
        "ck_kyoten_name": {
          "type": "keyword"
        },
        "ck_company_addr": {
          "type": "keyword"
        },
        "ck_url": {
          "type": "keyword"
        },
        "ck_representative": {
          "type": "keyword"
        },
        "ck_ext_url": {
          "type": "keyword"
        },
        "ck_corporate_number": {
          "type": "keyword"
        },
        "ck_grade": {
          "type": "long"
        },
        "ck_knowledge": {
          "type": "keyword"
        },
        "ck_sort_company_kana": {
          "type": "keyword"
        },
        "update_date": {
          "type": "date",
          "format": "yyyy/MM/dd HH:mm:ss"
        },
        "update_at": {
          "type": "date",
          "format": "yyyy/MM/dd HH:mm:ss"
        },
        "ck_del_flag": {
          "type": "keyword"
        }
      }
    }
  }
}

