[
  {
    "_id": "c1474b90-45e2-11e7-a721-9500b313ee1e",
    "_type": "dashboard",
    "_source": {
      "title": "uES_packet_total",
      "hits": 0,
      "description": "",
      "panelsJSON": "[{\"size_x\":12,\"size_y\":8,\"panelIndex\":1,\"type\":\"visualization\",\"id\":\"78eec990-45e2-11e7-afe4-9f7b8483ae68\",\"col\":1,\"row\":1}]",
      "optionsJSON": "{\"darkTheme\":false}",
      "uiStateJSON": "{}",
      "version": 1,
      "timeRestore": false,
      "kibanaSavedObjectMeta": {
        "searchSourceJSON": "{\"filter\":[{\"query\":{\"query_string\":{\"query\":\"*\",\"analyze_wildcard\":true}}}]}"
      }
    }
  }
]