[
  {
    "_id": "26995d30-46a6-11e7-9b2f-7d1e7ad63a12",
    "_type": "dashboard",
    "_source": {
      "title": "uES_access_log_responce_count",
      "hits": 0,
      "description": "",
      "panelsJSON": "[{\"col\":1,\"id\":\"42623c70-46a2-11e7-a4c5-7b3cdfb412d0\",\"panelIndex\":1,\"row\":1,\"size_x\":12,\"size_y\":8,\"type\":\"visualization\"}]",
      "optionsJSON": "{\"darkTheme\":false}",
      "uiStateJSON": "{}",
      "version": 1,
      "timeRestore": false,
      "kibanaSavedObjectMeta": {
        "searchSourceJSON": "{\"filter\":[{\"query\":{\"query_string\":{\"analyze_wildcard\":true,\"query\":\"*\"}}}]}"
      }
    }
  }
]