[
  {
    "_id": "b6a97e90-41ca-11e7-8b32-3f8c2664f347",
    "_type": "dashboard",
    "_source": {
      "title": "uES_monitoring",
      "hits": 0,
      "description": "",
      "panelsJSON": "[{\"col\":1,\"id\":\"46fd28f0-411e-11e7-9adb-f723f0c6f243\",\"panelIndex\":1,\"row\":1,\"size_x\":12,\"size_y\":5,\"type\":\"visualization\"},{\"col\":1,\"id\":\"74039440-4120-11e7-9adb-f723f0c6f243\",\"panelIndex\":2,\"row\":6,\"size_x\":12,\"size_y\":7,\"type\":\"visualization\"},{\"col\":1,\"id\":\"CPU-usage-per-process\",\"panelIndex\":4,\"row\":13,\"size_x\":12,\"size_y\":7,\"type\":\"visualization\"},{\"col\":1,\"id\":\"Memory-usage-per-process\",\"panelIndex\":5,\"row\":20,\"size_x\":12,\"size_y\":7,\"type\":\"visualization\"},{\"col\":1,\"id\":\"7faa4270-41da-11e7-8b32-3f8c2664f347\",\"panelIndex\":6,\"row\":31,\"size_x\":12,\"size_y\":8,\"type\":\"visualization\"},{\"col\":1,\"id\":\"b0f85f00-41db-11e7-82cd-11b5d5874c74\",\"panelIndex\":7,\"row\":27,\"size_x\":12,\"size_y\":4,\"type\":\"visualization\"}]",
      "optionsJSON": "{\"darkTheme\":false}",
      "uiStateJSON": "{\"P-2\":{\"vis\":{\"legendOpen\":false}},\"P-6\":{\"vis\":{\"params\":{\"sort\":{\"columnIndex\":null,\"direction\":null}}}},\"P-7\":{\"vis\":{\"params\":{\"sort\":{\"columnIndex\":null,\"direction\":null}}}}}",
      "version": 1,
      "timeRestore": false,
      "kibanaSavedObjectMeta": {
        "searchSourceJSON": "{\"filter\":[{\"query\":{\"query_string\":{\"analyze_wildcard\":true,\"query\":\"*\"}}}]}"
      }
    }
  }
]