[
  {
    "_id": "9d7424d0-4697-11e7-9b2f-7d1e7ad63a12",
    "_type": "dashboard",
    "_source": {
      "title": "uES_http_responce",
      "hits": 0,
      "description": "",
      "panelsJSON": "[{\"size_x\":12,\"size_y\":4,\"panelIndex\":1,\"type\":\"visualization\",\"id\":\"55d552b0-4693-11e7-8145-a3540c31de60\",\"col\":1,\"row\":1},{\"size_x\":12,\"size_y\":5,\"panelIndex\":2,\"type\":\"visualization\",\"id\":\"b76d7430-4693-11e7-a3b4-b1966cfade1e\",\"col\":1,\"row\":5}]",
      "optionsJSON": "{\"darkTheme\":false}",
      "uiStateJSON": "{}",
      "version": 1,
      "timeRestore": false,
      "kibanaSavedObjectMeta": {
        "searchSourceJSON": "{\"filter\":[{\"query\":{\"query_string\":{\"query\":\"*\",\"analyze_wildcard\":true}}}]}"
      }
    }
  }
]