[
  {
    "_id": "f3269ff0-4504-11e7-b81f-2fc89c5a1115",
    "_type": "dashboard",
    "_source": {
      "title": "uES_monitoring_search_group_ratio",
      "hits": 0,
      "description": "",
      "panelsJSON": "[{\"size_x\":6,\"size_y\":8,\"panelIndex\":1,\"type\":\"visualization\",\"id\":\"4c065a80-4504-11e7-b81f-2fc89c5a1115\",\"col\":7,\"row\":1},{\"size_x\":6,\"size_y\":8,\"panelIndex\":2,\"type\":\"visualization\",\"id\":\"75e9bcb0-420d-11e7-91ce-c1f17af8e3f2\",\"col\":1,\"row\":1}]",
      "optionsJSON": "{\"darkTheme\":false}",
      "uiStateJSON": "{\"P-2\":{\"vis\":{\"legendOpen\":true}}}",
      "version": 1,
      "timeRestore": false,
      "kibanaSavedObjectMeta": {
        "searchSourceJSON": "{\"filter\":[{\"query\":{\"query_string\":{\"query\":\"*\",\"analyze_wildcard\":true}}}]}"
      }
    }
  }
]