{
  "_parent": {
    "type": "lbc_verification"
  },
  "_all": {
    "enabled": false
  },
  "properties": {
    "sales_id": {
      "type": "keyword",
      "store": true
    },
    "lbc_office_id": {
      "type": "keyword",
      "store": true
    },
    "sales_gid": {
      "type": "keyword",
      "store": false
    },
    "sales_product_id": {
      "type": "keyword",
      "store": false
    },
    "sales_date": {
      "type": "keyword",
      "store": false
    },
    "sales_amount": {
      "type": "long",
      "store": false
    },
    "sales_update_at": {
      "type": "date",
      "format": "YYYY:MM:dd HH/mm/ss",
      "store": true
    },
    "sales_del_flag": {
      "type": "keyword",
      "store": true
    },
    "@version": {
      "type": "keyword"
    },
    "@timestamp": {
      "type": "date"
    }
  }
}