{
  "_parent": {
    "type": "lbc_verification"
  },
  "_all": {
    "enabled": false
  },
  "properties": {
    "act_doc_id": {
      "type": "keyword",
      "store": true
    },
    "lbc_office_id": {
      "type": "keyword",
      "store": true
    },
    "act_gid": {
      "type": "keyword",
      "store": false
    },
    "act_title": {
      "type": "keyword",
      "store": false
    },
    "act_remarks": {
      "type": "keyword",
      "store": false
    },
    "act_reg_date": {
      "type": "keyword",
      "store": false
    },
    "act_div": {
      "type": "keyword",
      "store": false
    },
    "act_proc_type": {
      "type": "keyword",
      "store": false
    },
    "act_products": {
      "type": "keyword",
      "store": false
    },
    "act_member_name": {
      "type": "keyword",
      "store": false
    },
    "act_must_party": {
      "type": "keyword",
      "store": false
    },
    "act_party": {
      "type": "keyword",
      "store": false
    },
    "act_end_date": {
      "type": "keyword",
      "store": false
    },
    "act_update_at": {
      "type": "date",
      "format": "YYYYMMdd HH:mm:ss",
      "store": true
    },
    "deal_del_flag": {
      "type": "keyword",
      "store": false
    },
    "@version": {
      "type": "keyword"
    },
    "@timestamp": {
      "type": "date"
    }
  }
}
