{
  "_parent": {
    "type": "lbc_verification"
  },
  "_all": {
    "enabled": false
  },
  "properties": {
    "bizitem_id": {
      "type": "keyword",
      "store": true
    },
    "lbc_office_id": {
      "type": "keyword",
      "store": true
    },
    "bizitem_gid": {
      "type": "keyword",
      "store": false
    },
    "bizitem_status": {
      "type": "keyword",
      "store": false
    },
    "bizitem_product": {
      "type": "keyword",
      "store": false
    },
    "bizitem_price": {
      "type": "long",
      "store": false
    },
    "bizitem_probability": {
      "type": "long",
      "store": false
    },
    "bizitem_update_at": {
      "type": "date",
      "format": "YYYY/MM/dd HH:mm:ss",
      "store": true
    },
    "bizitem_del_flag": {
      "type": "keyword",
      "store": true
    },
    "@version": {
      "type": "keyword"
    },
    "@timestamp": {
      "type": "date"
    }
  }
}