{
  "_parent": {
    "type": "lbc_verification"
  },
  "_all": {
    "enabled": false
  },
  "properties": {
    "person_id": {
      "type": "keyword",
      "store": true
    },
    "person_unid3": {
      "type": "keyword",
      "store": true
    },
    "lbc_office_id": {
      "type": "keyword",
      "store": true
    },
    "person_gid": {
      "type": "keyword",
      "store": false
    },
    "person_busho": {
      "type": "keyword",
      "store": false
    },
    "person_yakushoku": {
      "type": "keyword",
      "store": false
    },
    "person_keyman_flag": {
      "type": "keyword",
      "store": false
    },
    "person_eps_flag": {
      "type": "keyword",
      "store": false
    },
    "person_fps_flag": {
      "type": "keyword",
      "store": false
    },
    "person_tps_flag": {
      "type": "keyword",
      "store": false
    },
    "person_mps_flag": {
      "type": "keyword",
      "store": false
    },
    "person_email": {
      "type": "keyword",
      "store": false
    },
    "person_member_name": {
      "type": "keyword",
      "store": false
    },
    "person_tanto_name": {
      "type": "keyword",
      "store": false
    },
    "person_hiragana_flag": {
      "type": "keyword",
      "store": false
    },
    "person_katakana_flag": {
      "type": "keyword",
      "store": false
    },
    "person_update_at": {
      "type": "date",
      "format": "YYYY:MM:dd HH/mm/ss",
      "store": true
    },
    "bizitem_del_flag": {
      "type": "keyword",
      "store": true
    },
    "@version": {
      "type": "keyword"
    },
    "@timestamp": {
      "type": "date"
    }
  }
}