{
  "_parent": {
    "type": "lbc"
  },
  "_all": {
    "enabled": false
  },
  "_routing": {
    "required": false
  },
  "properties": {
    "liveaccess_id": {
      "type": "keyword",
      "store": true
    },
    "lbc_office_id": {
      "type": "keyword",
      "store": true
    },
    "liveaccess_gid": {
      "type": "keyword",
      "store": false
    },
    "liveaccess_access_date": {
      "type": "keyword",
      "store": false
    },
    "liveaccess_referrer": {
      "type": "keyword",
      "store": false
    },
    "liveaccess_site_url": {
      "type": "keyword",
      "store": false
    },
    "liveaccess_search_word": {
      "type": "keyword",
      "store": false
    },
    "liveaccess_live_page_url": {
      "type": "keyword",
      "store": false
    },
    "liveaccess_cookie_id": {
      "type": "keyword",
      "store": false
    },
    "liveaccess_create_at": {
      "type": "date",
      "format": "YYYY:MM:dd HH/mm/ss",
      "store": true
    },
    "liveaccess_category_id": {
      "type": "keyword",
      "store": false
    },
    "liveaccess_hierarchy_path": {
      "type": "keyword",
      "store": false
    },
    "@version": {
      "type": "keyword"
    },
    "@timestamp": {
      "type": "date"
    }
  }
}