{
  "_parent": {
    "type": "lbc"
  },
  "_all": {
    "enabled": false
  },
  "_routing": {
    "required": false
  },
  "properties": {
    "stats_id": {
      "type": "keyword",
      "store": true
    },
    "lbc_office_id": {
      "type": "keyword",
      "store": true
    },
    "stats_gid": {
      "type": "keyword",
      "store": false
    },
    "stats_total_count": {
      "type": "long",
      "store": false
    },
    "stats_update_at": {
      "type": "date",
      "format": "YYYY:MM:dd HH/mm/ss",
      "store": true
    },
    "stats_del_flag": {
      "type": "keyword",
      "store": true
    },
    "@version": {
      "type": "keyword"
    },
    "@timestamp": {
      "type": "date"
    }
  }
}