{
  "_parent": {
    "type": "lbc"
  },
  "_all": {
    "enabled": false
  },
  "_routing": {
    "required": false
  },
  "properties": {
    "visit_proc_id": {
      "type": "keyword",
      "store": true
    },
    "lbc_office_id": {
      "type": "keyword",
      "store": true
    },
    "visit_gid": {
      "type": "keyword",
      "store": false
    },
    "visit_member_name": {
      "type": "keyword",
      "store": false
    },
    "visit_member_id": {
      "type": "keyword",
      "store": false
    },
    "visit_action_id": {
      "type": "keyword",
      "store": false
    },
    "visit_update_at": {
      "type": "date",
      "format": "YYYY:MM:dd HH/mm/ss",
      "store": true
    },
    "visit_del_flag": {
      "type": "keyword",
      "store": true
    },
    "@version": {
      "type": "keyword"
    },
    "@timestamp": {
      "type": "date"
    }
  }
}