[
  {
    "_id": "42623c70-46a2-11e7-a4c5-7b3cdfb412d0",
    "_type": "visualization",
    "_source": {
      "title": "[API]access log response count",
      "visState": "{\"title\":\"[API]access log response count\",\"type\":\"area\",\"params\":{\"addTooltip\":true,\"addLegend\":true,\"legendPosition\":\"right\",\"scale\":\"linear\",\"interpolate\":\"linear\",\"mode\":\"stacked\",\"times\":[],\"addTimeMarker\":false,\"defaultYExtents\":false,\"setYExtents\":false},\"aggs\":[{\"id\":\"1\",\"enabled\":true,\"type\":\"count\",\"schema\":\"metric\",\"params\":{}},{\"id\":\"2\",\"enabled\":true,\"type\":\"date_histogram\",\"schema\":\"segment\",\"params\":{\"field\":\"@timestamp\",\"interval\":\"auto\",\"customInterval\":\"2h\",\"min_doc_count\":1,\"extended_bounds\":{}}},{\"id\":\"3\",\"enabled\":true,\"type\":\"terms\",\"schema\":\"group\",\"params\":{\"field\":\"host.keyword\",\"size\":100,\"orderAgg\":{\"id\":\"3-orderAgg\",\"enabled\":true,\"type\":\"count\",\"schema\":\"orderAgg\",\"params\":{}},\"order\":\"desc\",\"orderBy\":\"custom\"}}],\"listeners\":{}}",
      "uiStateJSON": "{}",
      "description": "",
      "version": 1,
      "kibanaSavedObjectMeta": {
        "searchSourceJSON": "{\"index\":\"access_log-*\",\"query\":{\"query_string\":{\"query\":\"*\",\"analyze_wildcard\":true}},\"filter\":[]}"
      }
    }
  }
]