[
  {
    "_id": "7faa4270-41da-11e7-8b32-3f8c2664f347",
    "_type": "visualization",
    "_source": {
      "title": "[metric]overview(disk)",
      "visState": "{\"title\":\"[metric]overview(disk)\",\"type\":\"table\",\"params\":{\"perPage\":10,\"showPartialRows\":false,\"showMeticsAtAllLevels\":false,\"sort\":{\"columnIndex\":null,\"direction\":null},\"showTotal\":false,\"totalFunc\":\"sum\"},\"aggs\":[{\"id\":\"1\",\"enabled\":true,\"type\":\"avg\",\"schema\":\"metric\",\"params\":{\"field\":\"system.filesystem.used.pct\",\"json\":\"{\\\"script\\\":\\\"_value*100\\\"}\",\"customLabel\":\"usage(%)\"}},{\"id\":\"2\",\"enabled\":true,\"type\":\"avg\",\"schema\":\"metric\",\"params\":{\"field\":\"system.filesystem.used.bytes\",\"json\":\"{\\\"script\\\":\\\"_value/1000/1000/1000\\\"}\",\"customLabel\":\"use(GB)\"}},{\"id\":\"3\",\"enabled\":true,\"type\":\"avg\",\"schema\":\"metric\",\"params\":{\"field\":\"system.filesystem.free\",\"json\":\"{\\\"script\\\":\\\"_value/1000/1000/1000\\\"}\",\"customLabel\":\"free(GB)\"}},{\"id\":\"4\",\"enabled\":true,\"type\":\"terms\",\"schema\":\"bucket\",\"params\":{\"field\":\"beat.name\",\"size\":100,\"order\":\"asc\",\"orderBy\":\"_term\",\"customLabel\":\"host\"}},{\"id\":\"5\",\"enabled\":true,\"type\":\"terms\",\"schema\":\"bucket\",\"params\":{\"field\":\"system.filesystem.mount_point\",\"size\":100,\"order\":\"asc\",\"orderBy\":\"_term\",\"customLabel\":\"mount\"}}],\"listeners\":{}}",
      "uiStateJSON": "{\"vis\":{\"params\":{\"sort\":{\"columnIndex\":null,\"direction\":null}}}}",
      "description": "",
      "version": 1,
      "kibanaSavedObjectMeta": {
        "searchSourceJSON": "{\"index\":\"metricbeat-*\",\"query\":{\"query_string\":{\"query\":\"metricset.name: filesystem AND -system.filesystem.mount_point:  (/\\\\/dev.*/ OR /\\\\/proc.*/ OR /\\\\/sys/)\",\"analyze_wildcard\":true}},\"filter\":[]}"
      }
    }
  }
]