[
  {
    "_id": "Memory-usage-per-process",
    "_type": "visualization",
    "_source": {
      "description": "",
      "kibanaSavedObjectMeta": {
        "searchSourceJSON": "{\"filter\":[]}"
      },
      "savedSearchId": "Process-stats",
      "title": "Memory usage per process",
      "uiStateJSON": "{}",
      "version": 1,
      "visState": "{\"title\":\"Memory usage per process\",\"type\":\"area\",\"params\":{\"shareYAxis\":true,\"addTooltip\":true,\"addLegend\":true,\"smoothLines\":false,\"scale\":\"linear\",\"interpolate\":\"linear\",\"mode\":\"stacked\",\"times\":[],\"addTimeMarker\":false,\"defaultYExtents\":false,\"setYExtents\":false,\"yAxis\":{},\"legendPosition\":\"right\"},\"aggs\":[{\"id\":\"1\",\"enabled\":true,\"type\":\"max\",\"schema\":\"metric\",\"params\":{\"field\":\"system.process.memory.rss.pct\"}},{\"id\":\"2\",\"enabled\":true,\"type\":\"date_histogram\",\"schema\":\"segment\",\"params\":{\"field\":\"@timestamp\",\"interval\":\"auto\",\"customInterval\":\"2h\",\"min_doc_count\":1,\"extended_bounds\":{}}},{\"id\":\"3\",\"enabled\":true,\"type\":\"terms\",\"schema\":\"group\",\"params\":{\"field\":\"system.process.name\",\"size\":10,\"order\":\"desc\",\"orderBy\":\"1\"}},{\"id\":\"4\",\"enabled\":true,\"type\":\"terms\",\"schema\":\"split\",\"params\":{\"field\":\"beat.name\",\"size\":2,\"order\":\"desc\",\"orderBy\":\"1\",\"customLabel\":\"Host\",\"row\":true}}],\"listeners\":{}}"
    }
  }
]