[
  {
    "_id": "74039440-4120-11e7-9adb-f723f0c6f243",
    "_type": "visualization",
    "_source": {
      "title": "Memory usage(byte)",
      "visState": "{\"title\":\"Memory usage(byte)\",\"type\":\"line\",\"params\":{\"addTooltip\":true,\"addLegend\":true,\"legendPosition\":\"right\",\"showCircles\":true,\"interpolate\":\"linear\",\"scale\":\"linear\",\"drawLinesBetweenPoints\":true,\"radiusRatio\":9,\"times\":[],\"addTimeMarker\":false,\"defaultYExtents\":false,\"setYExtents\":false},\"aggs\":[{\"id\":\"1\",\"enabled\":true,\"type\":\"avg\",\"schema\":\"metric\",\"params\":{\"field\":\"system.memory.total\",\"customLabel\":\"memory usage(byte)\"}},{\"id\":\"2\",\"enabled\":true,\"type\":\"avg\",\"schema\":\"metric\",\"params\":{\"field\":\"system.memory.used.bytes\",\"customLabel\":\"memory used(byte)\"}},{\"id\":\"3\",\"enabled\":true,\"type\":\"date_histogram\",\"schema\":\"segment\",\"params\":{\"field\":\"@timestamp\",\"interval\":\"auto\",\"customInterval\":\"2h\",\"min_doc_count\":1,\"extended_bounds\":{},\"customLabel\":\"every 30 second\"}},{\"id\":\"4\",\"enabled\":true,\"type\":\"terms\",\"schema\":\"split\",\"params\":{\"field\":\"beat.name\",\"size\":10,\"order\":\"desc\",\"orderBy\":\"1\",\"customLabel\":\"host\",\"row\":true}}],\"listeners\":{}}",
      "uiStateJSON": "{\"vis\":{\"legendOpen\":true,\"colors\":{\"トータルメモリ（byte）\":\"#BF1B00\",\"メモリ使用量（byte）\":\"#629E51\",\"memory usage(byte)\":\"#BF1B00\",\"memory used(byte)\":\"#508642\"}}}",
      "description": "",
      "version": 1,
      "kibanaSavedObjectMeta": {
        "searchSourceJSON": "{\"index\":\"metricbeat-*\",\"query\":{\"query_string\":{\"query\":\"*\",\"analyze_wildcard\":true}},\"filter\":[]}"
      }
    }
  }
]